{
	"resources":[
		{
			"name":"bd1_mp3",
			"type":"sound",
			"url":"sd/bd1.mp3"
		},
		{
			"name":"bd2_mp3",
			"type":"sound",
			"url":"sd/bd2.mp3"
		},
		{
			"name":"bd3_mp3",
			"type":"sound",
			"url":"sd/bd3.mp3"
		},
		{
			"name":"bd4_mp3",
			"type":"sound",
			"url":"sd/bd4.mp3"
		},
		{
			"name":"bd5_mp3",
			"type":"sound",
			"url":"sd/bd5.mp3"
		},
		{
			"name":"BGM_mp3",
			"type":"sound",
			"url":"sd/BGM.mp3"
		},
		{
			"name":"boss_mp3",
			"type":"sound",
			"url":"sd/boss.mp3"
		},
		{
			"name":"btn_mp3",
			"type":"sound",
			"url":"sd/btn.mp3"
		},
		{
			"name":"btnLUp_mp3",
			"type":"sound",
			"url":"sd/btnLUp.mp3"
		},
		{
			"name":"coin_mp3",
			"type":"sound",
			"url":"sd/coin.mp3"
		},
		{
			"name":"fu1_mp3",
			"type":"sound",
			"url":"sd/fu1.mp3"
		},
		{
			"name":"fu2_mp3",
			"type":"sound",
			"url":"sd/fu2.mp3"
		},
		{
			"name":"fu3_mp3",
			"type":"sound",
			"url":"sd/fu3.mp3"
		},
		{
			"name":"fu4_mp3",
			"type":"sound",
			"url":"sd/fu4.mp3"
		},
		{
			"name":"fu5_mp3",
			"type":"sound",
			"url":"sd/fu5.mp3"
		},
		{
			"name":"fu7_mp3",
			"type":"sound",
			"url":"sd/fu7.mp3"
		},
		{
			"name":"hit_mp3",
			"type":"sound",
			"url":"sd/hit.mp3"
		},
		{
			"name":"luck_mp3",
			"type":"sound",
			"url":"sd/luck.mp3"
		},
		{
			"name":"more_mp3",
			"type":"sound",
			"url":"sd/more.mp3"
		},
		{
			"name":"pBoom_mp3",
			"type":"sound",
			"url":"sd/pBoom.mp3"
		},
		{
			"name":"prop0_mp3",
			"type":"sound",
			"url":"sd/prop0.mp3"
		},
		{
			"name":"prop1_mp3",
			"type":"sound",
			"url":"sd/prop1.mp3"
		},
		{
			"name":"tili_mp3",
			"type":"sound",
			"url":"sd/tili.mp3"
		},
		{
			"name":"win_mp3",
			"type":"sound",
			"url":"sd/win.mp3"
		}
	]
}