{"res/atlas/boomPlane.atlas":["boomPlane/",["a1.png","a2.png","a3.png","a4.png","a5.png","a6.png","a7.png","a8.png","a9.png"]],"res/atlas/BugA.atlas":["BugA/",["0.png","1.png","2.png","3.png","4.png","5.png","6.png","7.png","8.png"]],"res/atlas/BugB.atlas":["BugB/",["0.png","1.png","2.png","3.png","4.png","5.png","6.png","7.png","8.png"]],"res/atlas/BugC.atlas":["BugC/",["0.png","1.png","2.png","3.png","4.png","5.png","6.png","7.png","8.png"]],"res/atlas/BugD.atlas":["BugD/",["0.png","1.png","2.png","3.png","4.png","5.png","6.png","7.png","8.png"]],"res/atlas/BugE.atlas":["BugE/",["0.png","1.png","2.png","3.png","4.png","5.png","6.png","7.png","8.png"]],"res/atlas/BugF.atlas":["BugF/",["0.png","1.png","2.png","3.png","4.png","5.png","6.png","7.png","8.png"]],"res/atlas/BugG2.atlas":["BugG2/",["0.png","1.png","2.png","3.png","4.png","5.png","6.png","7.png","8.png"]],"res/atlas/BugH.atlas":["BugH/",["0.png","1.png","2.png","3.png","4.png","5.png","6.png","7.png","8.png"]],"res/atlas/BugI.atlas":["BugI/",["0.png","1.png","2.png","3.png","4.png","5.png","6.png","7.png","8.png"]],"res/atlas/BugJ.atlas":["BugJ/",["0.png","1.png","2.png","3.png","4.png","5.png","6.png","7.png","8.png"]],"res/atlas/BugK.atlas":["BugK/",["h0.png","h1.png","h2.png","h3.png","h4.png","h5.png","h6.png","h7.png","h8.png","t0.png","t1.png","t2.png","t3.png","t4.png","t5.png","t6.png","t7.png","t8.png"]],"res/atlas/BugL.atlas":["BugL/",["0.png","1.png","2.png","3.png","4.png","5.png","6.png","7.png","8.png"]],"res/atlas/chip.atlas":["chip/",["1.png","2.png","3.png","4.png"]],"res/atlas/Cir.atlas":["Cir/",["0.png","1.png","2.png","3.png","4.png","5.png","6.png","7.png","8.png","add0.png","add1.png","add2.png","add3.png","add4.png","add5.png","add6.png","add7.png","add8.png","area.png","bbb.png","line0.png","line1.png","line2.png","line3.png","line4.png","line5.png","line6.png","line7.png","line8.png","lineSlow.png","p0.png","p1.png","p2.png","p3.png","p4.png","p5.png","p6.png","p7.png","p8.png","w46.png","w48.png","w49.png","w50.png","w51.png","w52.png","w53.png","w54.png","w55.png","w56.png","w57.png","w66.png","w69.png","w75.png","w77.png","w80.png","w83.png","w84.png","w89.png","w90.png"]],"res/atlas/fu1.atlas":["fu1/",["bb_1.png","bb_10.png","bb_11.png","bb_12.png","bb_2.png","bb_3.png","bb_4.png","bb_5.png","bb_6.png","bb_7.png","bb_8.png","bb_9.png"]],"res/atlas/fu2.atlas":["fu2/",["0.png","b1.png","b2.png","b3.png","b4.png","b5.png","b6.png","b7.png","b8.png","b9.png","b_01.png","b_02.png","b_03.png","b_04.png","b_05.png","b_06.png","b_07.png","b_08.png","b_09.png","bb.png"]],"res/atlas/fu3.atlas":["fu3/",["a_01.png","a_02.png","a_03.png","a_04.png","a_05.png","a_06.png","a_07.png","a_08.png","a_09.png","d_01.png","d_02.png","d_03.png","d_04.png","d_05.png","d_06.png","d_07.png","d_08.png","d_09.png","f1.png","f10.png","f11.png","f12.png","f2.png","f3.png","f4.png","f5.png","f6.png","f7.png","f8.png","f9.png","guang.png"]],"res/atlas/fu4.atlas":["fu4/",["b1.png","b10.png","b11.png","b12.png","b2.png","b3.png","b4.png","b5.png","b6.png","b7.png","b8.png","b9.png","dan.png","f1.png","f2.png","f3.png","f4.png","f5.png","f6.png","f7.png","f8.png","f9.png"]],"res/atlas/fu5.atlas":["fu5/",["a.png","b.png","c.png","d.png","e.png","f.png","g.png","h.png","i.png","j.png"]],"res/atlas/fu6.atlas":["fu6/",["a.png","b.png","c.png","d.png","e.png","f.png","g.png","h.png","i.png","j.png"]],"res/atlas/fu60.atlas":["fu60/",["d.png","f_1.png","f_2.png","f_3.png","f_4.png","f_5.png","f_6.png","f_7.png","f_8.png","f_9.png"]],"res/atlas/fxBoom.atlas":["fxBoom/",["A.png","boom_1.png","boom_10.png","boom_11.png","boom_12.png","boom_13.png","boom_14.png","boom_2.png","boom_3.png","boom_4.png","boom_5.png","boom_6.png","boom_7.png","boom_8.png","boom_9.png"]],"res/atlas/fxBoom1.atlas":["fxBoom1/",["b1.png","b10.png","b11.png","b12.png","b2.png","b3.png","b4.png","b5.png","b6.png","b7.png","b8.png","b9.png"]],"res/atlas/fxBoom2.atlas":["fxBoom2/",["b1.png","b10.png","b11.png","b12.png","b2.png","b3.png","b4.png","b5.png","b6.png","b7.png","b8.png","b9.png"]],"res/atlas/fxBoom3.atlas":["fxBoom3/",["b1.png","b10.png","b11.png","b12.png","b2.png","b3.png","b4.png","b5.png","b6.png","b7.png","b8.png","b9.png"]],"res/atlas/fxBoom4.atlas":["fxBoom4/",["b1.png","b10.png","b11.png","b12.png","b2.png","b3.png","b4.png","b5.png","b6.png","b7.png","b8.png","b9.png"]],"res/atlas/fxBoom5.atlas":["fxBoom5/",["b1.png","b10.png","b11.png","b12.png","b2.png","b3.png","b4.png","b5.png","b6.png","b7.png","b8.png","b9.png"]],"res/atlas/gui.atlas":["gui/",["A.png","B.png","C.png","D.png","E.png","F.png","arrUp.png","b20851.png","b31532.png","b48.png","b49.png","b50.png","b51.png","b52.png","b53.png","b54.png","b55.png","b56.png","b57.png","bB_1.png","bB_2.png","bR_1.png","bR_2.png","bY_1.png","bY_2.png","bgb.png","bgr.png","bgy.png","black.png","blackBg.png","bor1.png","bor2.png","bor3.png","borBar.png","borderR.png","bossWave.png","btnN_1.png","btnN_2.png","coin.png","coinLight.png","gp.png","icnBg_1.png","icnBg_2.png","icnBg_3.png","icon_0.png","icon_1.png","icon_2.png","icon_3.png","icon_4.png","jb1.png","jb2.png","jb3.png","jb4.png","jb5.png","jb6.png","kuang.png","lastWave.png","light.png","lineB.png","lineR.png","lineY.png","logo.png","main.png","pIcon1.png","pIcon2.png","pIcon3.png","pIcon4.png","pIcon5.png","pIcon6.png","pass.png","rp.png","t1.png","t3.png","t4.png","tFanWei.png","tHuoLiB.png","tPinLv.png","tQiangDu.png","tSheSu.png","tSheSuB.png","tip.png","tipFu1.png","tipFu2.png","ttip.png","v1.png","v2.png","v3.png","v5.png","v6.png","w120.png","w20987.png","w20998.png","w21457.png","w21462.png","w21518.png","w22797.png","w26522.png","w27963.png","w28385.png","w28857.png","w31186.png","w32487.png","w32493.png","w35299.png","w36.png","w36133.png","w36339.png","w36807.png","w38145.png","w39046.png","w46.png","w47.png","w48.png","w49.png","w50.png","w51.png","w52.png","w53.png","w54.png","w55.png","w56.png","w57.png","w58.png","w66.png","w69.png","w75.png","w77.png","w80.png","w83.png","w84.png","w89.png","w90.png","w97.png","x23436.png","x24050.png","x25104.png","x37.png","x46.png","x48.png","x49.png","x50.png","x51.png","x52.png","x53.png","x54.png","x55.png","x56.png","x57.png","x66.png","x69.png","x72.png","x75.png","x77.png","x80.png","x83.png","x84.png","x89.png","x90.png","xueTiao.png","xueTiaoBg.png"]],"res/atlas/load.atlas":["load/",["loadBar.png","loadBg.png","logoOppo.png"]],"res/atlas/lUp.atlas":["lUp/",["A1.png","A10.png","A11.png","A12.png","A13.png","A14.png","A15.png","A2.png","A3.png","A4.png","A5.png","A6.png","A7.png","A8.png","A9.png"]],"res/atlas/plane.atlas":["plane/",["6.png","d0_1.png","d0_2.png","d1_1.png","dot.png","dot_wave.png","f1.png","f2.png","f3.png","f4.png","f5.png","f6.png","f7.png","f8.png","f9.png","fanTan.png","fanTan1.png","fanTan2.png","fire.png","genSong.png","glow.png","h0.png","h1.png","h3.png","jiGuang.png","jiGuang2.png","jishen.png","jitou.png","wing.png","wudi.png"]],"res/atlas/prop.atlas":["prop/",["A.png","A1.png","A2.png","A3.png","A4.png","A5.png","A6.png","A7.png","A8.png","A9.png","B.png","B1.png","B10.png","B2.png","B3.png","B4.png","B5.png","B6.png","B7.png","B8.png","B9.png","C.png","D.png","E.png","F.png"]],"res/atlas/tex.atlas":["tex/",["again.png","b01.png","b02.png","b03.png","b1.png","b2.png","b3.png","b4.png","ba01.png","baoShi.png","bb01.png","bb02.png","d.png","d1.png","d2.png","p1.png","ygbg.png","ygbtn.png"]]}