{
    "deviceOrientation": "portrait",
    "showStatusBar": false,
    "openDataContext": "open",
    "networkTimeout": {
        "request": 10000,
        "connectSocket": 10000,
        "uploadFile": 10000,
        "downloadFile": 10000
    },
    "navigateToMiniProgramAppIdList": [
        "wx0bfe2a0732e734ff",
        "wx1a6cbdf95e7d106e",
        "wx5852eb43246ba9aa",
        "wx98b597d5aab98943",
        "wx73bf8365b0c23e84",
        "wx8dfad7e448b7a8f8",
        "wx684491e7f1643c2e",
        "wxe912edd5ed813c28",
        "wx4dbeed83554df77e",
        "wxd594fb301caae19b"
    ]
}