{
	"projectid": "1108100302_22",
	"setting": {
		"urlCheck": true,
		"es6": true,
		"postcss": true,
		"minified": true,
		"newFeature": true,
		"autoAudits": false
	},
	"qqLibVersion": "1.10.1",
	"compileType": "miniprogram",
	"createTime": 1579152768226,
	"accessTime": 1579152768226,
	"packOptions": {
		"ignore": []
	},
	"debugOptions": {
		"hidedInDevtools": []
	},
	"qqappid": "1108100302",
	"projectname": "%E8%AE%A1%E7%AE%97%E5%99%A8",
	"condition": {
		"search": {
			"current": -1,
			"list": []
		},
		"conversation": {
			"current": -1,
			"list": []
		},
		"game": {
			"currentL": -1,
			"list": []
		},
		"miniprogram": {
			"current": -1,
			"list": []
		}
	}
}